{"cameraMode":{"drawMode":0,"name":"Shaded","section":"Shading Mode"},"sceneLighting":false,"audioPlay":false,"sceneViewState":{"m_AlwaysRefresh":false,"showFog":true,"showSkybox":false,"showFlares":true,"showImageEffects":true,"showParticleSystems":true,"showVisualEffectGraphs":true,"m_FxEnabled":true},"in2DMode":false,"pivot":{"x":-4.6822967529296879,"y":0.15302085876464845,"z":-11.37472915649414},"rotation":{"x":-0.03963262215256691,"y":0.9471319317817688,"z":-0.12894375622272492,"w":-0.2911145091056824},"size":22.813289642333986,"orthographic":false}